,Primary Information,Primary Information.1
11,Sequence,ITCQQVTAELEPCVPYLTQGIP
29,Sequence,ITCQQVTSELGPCVPYLTGQGIP
47,Sequence,AISCGAVTSDLSPCLTYLTGGPGPSPQCCGGVKKLLAAANTTPDRQAACNCLKSAAGSITKLNTNNAAALPGKCGVDIPYKISTSTNCNTVKF
65,Sequence,AISCGAVTSDLSPCLTYLTGGPGPSPQCCGGVKKLLAAANTTPDRQAACNCLKSAAGSITKLNTNNAAALPGKCGVNIPYKISTSTNCNTVK
83,Sequence,AISCGQVSSAIGPCLSYARGQGSAPSAGCC
101,Sequence,VSCGDVTSSIAPCLSYVMGRESSPSSSCCSGVRTLNGKASSSADRRTACSCLKNMASSFRNLNMGNAASIPSKCGVSVAFPISTSVDCSKIN
119,Sequence,AISCGAVTGDLSPCLTYLTGGPGPSPQCCGGVKKLLAAANTTPDRQAACNCMKSAASSITKLNTNNAAALPGKCGVNIPYKISTSTNCNTVK
137,Sequence,AISCGAVTSDLSPCLTYLTGGPGPSPQCCGGVKKLLAAANTTPDRQAACNCLKSAAGSITKLNTNNAAALPGKCGVNIPYKISTTTNCNTVK
155,Sequence,QNICPRVNRIVTPCVAYGLGRAPIAPCCRALNDLRFVNTRNLRRAACRCLVGVVNRNPGLRRNPRFQNIPRDCRNTFVRPFWWRPRIQCGRIN
173,Sequence,ACEPAQLAVCASAILGGTKPSGECCGNLRAQQGCLCQYVKDPNYGHYVSSPHARDTLNLCGIPVPHC
191,Sequence,AIGCNTVASKMAPCLPYVTGKGPLGGCCGGVKGLIDAARTTPDRQAVCNCLKTLAKSYSGINLGNAAGLPGKCGVSIPYQISPNTDCSKVH
209,Sequence,AIPCGQVNSALASCVSYAKGSGASPPGACCSGVRRLAGLARSTADKQAACRCIKSAAGGLNPGKAASIPSKCGVSIPYSISASVDCSKIH
227,Sequence,AISCGAVTSDLSPCLTYLTGGPGPSPQCCGGVKKLLAAANTTPDRQAACNCLKSAAGSITKLNTNNAAALPGKCGVNIPYKISTSTNCNTVKF
245,Sequence,AISCGAVTSDLSPCLTYLTGGPGPSPQCCGGVKKLLAAANTTPDRQAACNCLKSAAGSITKLNTNNAAALPGKCGVNIPYKISTTTNCNTVKF
263,Sequence,AISCGQVASAIAPCISYARGQGSAPSAGCCSGVRSLNNAARTTADRRAACNCLKNAAAGVSGLNAGNAASIPSKCGVSIPYTISTSTDCSRVN
281,Sequence,AISCGQVASAIAPCISYARGQGSGPSAGCCSGVKSLNNAARTTADRRAACNCLKNAAAGVSGLNAGNAASIPSKCGVSIPYTISTSTDCSRVN
299,Sequence,AISCGQVASAIAPCISYARGQGSGPSAGCCSGVRSLNNAARTTADRRAACNCLKNAAAGVSGLNAGNAASIPSKCGVSIPYTISTSTDCSRVN
317,Sequence,AISCGQVNSALASCVSYAKGSGASPPGACCSGVRRLAGLARSTADKQAACRCIKSAAGGLNPGKAASIPSKCGVSIPYSISASVDCSKIH
335,Sequence,AISCGQVNSALGPCISYARGSGANTSAACCSGVKRLAGSVRTSDDKKAACLCIKRAAGGLNPGKAADIPTKCRVTIPYKISSNVNCNNLH
353,Sequence,AISCGQVSSAIALCLSYARGQGFAPSAGCCSGVRSLNSAARTTADRRAACNCLKNAARGISGLNAGNAASIPSKCGVSVPYTISTSTDCSRVS
371,Sequence,AISCGQVSSALSPCISYARGNGAKPPVACCSGVKRLAGAAQSTADKQAACKCIKSAAGGLNAGKAAGIPSMCGVSVPYAISASVDCSKIR
389,Sequence,AISCGQVSSALSPCISYARGSGSSPPAACCSGVRSLAGAARSTADKQAACKCIKSAAGGLNAGKAAGIPSKCGVSIPYAISSSVDCSKIR
407,Sequence,AISCGQVSSALTPCVAYAKGSGTSPSGACCSGVRKLAGLARSTADKQATCRCLKSVAGGLNPNKAAGIPSKCGVSVPYTISASVDCSKIH
425,Sequence,AISCGTVSGALVPCLTYLKGGPGPSPQCCGGVKRLNGAARTTIDRRAACNCLKSSAGSISGLKPGNVATLPGKCGVRLPYTISTSTNCNTIRF
443,Sequence,AISYDQVKSSLLPCVGYVRGNNARPAPPNYCKGIRSLKSAARIRLDRQAACKCIKSLAADISDINYGVAAGLPGQCNVHIPYKISPSIDCKRVK
461,Sequence,AITCGQVNSAVGPCLTYARGGAGPSAACCSGVRSLKAAASSTADRRTACNCLKNAARGIKGLNAGNAASIPSKCGVSVPYTISASIDCSRVS
479,Sequence,AITCGQVSSAIAPCLSYARGTGSGPSASCCSGVRNLKSAASTAADRRAACNCLKNAARGVSGLNAGNAASIPSKCGVSIPYTISTSTDCSRVN
497,Sequence,AITCGQVSSALSPCIPYARGNGANPSAACCSGVRRIAGAVQSTADKKTACNCIKRAAGGLNAGKAADIPSKCSVSIPYAINPSVDCSTIR
515,Sequence,AITCGQVTHNVAPCFNYVKSGGAVPAACCKGVSNLNSMAKTTADRQQTCNCLKSAAGSIKGLNANLAAGLPGKCGVNVPYKISTSTNCNNVK
533,Sequence,AITCGQVTSNLAPCLAYLRNTGPLGRCCGGVKALVNSARTTEDRQIACTCLKSAAGAISGINLGKAAGLPSTCGVNIPYKISPSTDCSKVQ
551,Sequence,AVPCSTVDMKAAACVGFATGKDSKPSQACCTGLQQLAQTVKTVDDKKAICRCLKASSKSLGIKDQFLSKIPAACNIKVGFPVSTNTNCETIH
569,Sequence,AVPCSTVDMKAAACVGFATGKDSKPSSACCTGLQQLAQTVKSVDDKKAICRCLKASSKSLGIKDQFLSKIPAACNIKVGFPVSTATNCETIH
587,Sequence,AVSCGTVTGDLAPCIPYLTGGAGPTDSCCAGVKKLLAAAPTTADRQAACNCLKTAAGNINNLNPGNAAALPGKCNVNIPYKISTTTNCNTIKF
605,Sequence,AVSCNTVIADLYPCLSYVTQGGPVPTLCCNGLTTLKSQAQTSVDRQGVCRCIKSAIGGLTLSPRTIQNALELPSKCGVDLPYKFSPSTDCDSIQ
623,Sequence,AVTCGQVSSAIGPCLSYARGQGSGPSAGCCSGVRSLNSAARTTADRRAACNCLKNAARGIRGLNVGKAASIPSKCGVSIPYTISTSTDCSRVS
641,Sequence,GITCGMVSSKLAPCIGYLKGGPLGGGCCGGIKALNAAAATTPDRKTACNCLKSAANAIKGINYGKAAGLPGMCGVHIPYAISPSTNCNAVH
659,Sequence,ITCGLVASKLAPCIGYLQGAPGPSAACCGGIKSLNSAAASPADRKTACTCLKSAATSMKGINYGKAASLPRQCGVSIPYAISPNTNCNAIH
677,Sequence,ITCGQVNSAVGPCLTYARGGGAGPSAACCNGVRSLKSAARTTADRRTACNCLKNAARGIKGLNAGNAASIPSKCGVSVPYTISASIDCSRVR
695,Sequence,LNCGQVDSKMKPCLTYVQGGPGPSGECCNGVRDLHNQAQSSGDRQTVCNCLKGIARGIHNLNLNNAASIPSKCNVNVPYTISPDIDCSRIY
713,Sequence,MALALRFFICFVLTVCIVSSVDAEISCGTVVSNLAPCANYLSKGGVVPDLCCEGVEKLNGVAQTMPMPTVHCKGHFWSQPKSSLWSS
731,Sequence,MTCGQVQGNLAQCIGFLQKGGVVPPSCCTGVKNILNSSRTTADRRAVCSCLKAAAGAVRGINPNNAEALPGKCGVNIPYKISTSTNCNSIN
749,Sequence,VASCGQVVSYLAPCIGYAMGRERAPGGGCCTGVRSLNAAAATPADRQATCTCLKQQTSGMGGIKPDLVAGIPSKCGVNIPYAISPRTDCSKVR
767,Sequence,VDCGQVNSSLASCIPFLTGGVASPSASCCAGVQNLKTLAPTSADRRAACECIKAAAARFPTIKQDAASSLPKKCGVDINIPISKTTNCQAIN
785,Sequence,VNCGQVNKALSSCVPFLTGFDTTPSLTCCAGVMELKRLAPTVKDKRIACECVKTAAARYPNIREDAASSLPYKCGVVINVPISKTTNCHEIN
803,Sequence,AVSCGDVTSSIAPCLSYVMGRESSPSSSCCSGVRTLNGKASSSADRRTACSCLKNMASSFRNLNMGNAASIPSKCGVSVAFPISTSVDCSKIN
821,Sequence,ITCGLVASKLAPCIGYLQGAPGPSAACCGGIKSLNSAAASPADRKTACTCLKSAATSIKGINYGKAASLPRQCGVSVPYAISPNTNCNAIH
839,Sequence,AISCGQVSSALSPCISYARGNGAKPPAACCSGVKRLAGAAQSTADKQAACKCIKSAAGGLNAGKAAGIPSMCGVSVPYAISASVDCSKIR
857,Sequence,AITCGQVSSALGPCAAYAKGSGTSPSAGCCSGVKRLAGLARSTADKQATCRCLKSVAGAYNAGRAAGIPSRCGVSVPYTISASVDCSKIH
